name,categories
Acanthosis nigricans,Category 1
Achalasia,Category 1
Achilles tendon rupture,Category 1
Acute coronary syndrome,Category 1
Adenomyosis,Category 1
Adjustment disorders,Category 1
Adnexal tumors,Category 1
Adrenal cancer,Category 1
Adrenoleukodystrophy,Category 1
Adult Still's disease,Category 1
Agoraphobia,Category 1
Alcohol intolerance,Category 1
Alcohol use disorder,Category 1
Alcoholic hepatitis,Category 1
Allergies,Category 1
Alpha-gal syndrome,Category 1
Ambiguous genitalia,Category 1
Ameloblastoma,Category 1
Amenorrhea,Category 1
Amnestic syndrome (See: Amnesia),Category 1
Amniotic fluid embolism,Category 1
Ampullary cancer,Category 1
Amyloidosis,Category 1
Anal fissure,Category 1
Anal fistula,Category 1
Anaphylaxis,Category 1
Anemia,Category 1
"Aneurysm, abdominal aortic (See: Abdominal aortic aneurysm)",Category 1
Aneurysms,Category 1
Angelman syndrome,Category 1
Angiosarcoma,Category 1
Ankylosing spondylitis,Category 1
Anorgasmia in women,Category 1
Anterior cruciate ligament injury (See: ACL injury),Category 1
Anthrax,Category 1
Antiphospholipid syndrome,Category 1
Anxiety disorders,Category 1
Aortic aneurysm,Category 1
Aortic valve disease,Category 1
Aphasia,Category 1
Aplastic anemia,Category 1
Appendicitis,Category 1
ARDS,Category 1
Arteriovenous fistula,Category 1
Arteriovenous malformation,Category 1
Arthritis,Category 1
Asbestosis,Category 1
Ascariasis,Category 1
Aspergillosis,Category 1
Asthma,Category 1
Asthma attack,Category 1
Astigmatism,Category 1
Astrocytoma,Category 1
Ataxia,Category 1
Atrial fibrillation,Category 1
Atrial flutter,Category 1
Atrial tachycardia,Category 1
Attention-deficit/hyperactivity disorder (ADHD) in children,Category 1
Attention-deficit/hyperactivity disorder in adults (See: Adult attention-deficit/hyperactivity disorder (ADHD)),Category 1
Atypical depression,Category 1
Atypical hyperplasia of the breast,Category 1
Autism spectrum disorder,Category 1
Autoimmune pancreatitis,Category 1
AVNRT (See: Atrioventricular nodal reentry tachycardia (AVNRT)),Category 1
Baby acne,Category 1
Back pain,Category 1
Bacterial vaginosis,Category 1
Balance problems,Category 1
Barotrauma (See: Airplane ear),Category 1
Barrett's esophagus,Category 1
Bedbugs,Category 1
Behcet's disease,Category 1
Benign adrenal tumors,Category 1
Benign peripheral nerve tumor,Category 1
Bicuspid aortic valve,Category 1
Binge drinking (See: Alcohol poisoning),Category 1
Bladder exstrophy,Category 1
Bladder stones,Category 1
Blastocystis hominis,Category 1
Blocked tear duct,Category 1
Body dysmorphic disorder,Category 1
Bone metastasis,Category 1
Botulism,Category 1
Brachial plexus injury,Category 1
Brain AVM,Category 1
Brain tumor,Category 1
Breast cysts,Category 1
Broken ankle,Category 1
Broken collarbone,Category 1
Broken toe,Category 1
Bronchiolitis,Category 1
Bronchitis,Category 1
Brucellosis,Category 1
Brugada syndrome,Category 1
Bullous pemphigoid,Category 1
Bundle branch block,Category 1
Bunions,Category 1
Burns,Category 1
Bursitis,Category 1
C. difficile infection,Category 1
Calciphylaxis,Category 1
Cancer,Category 1
"Cancer, anal (See: Anal cancer)",Category 1
"Cancer, basal cell (See: Basal cell carcinoma)",Category 1
"Cancer, bladder (See: Bladder cancer)",Category 1
"Cancer, breast (See: Breast cancer)",Category 1
Carbon monoxide poisoning,Category 1
Carbuncles and boils (See: Boils and carbuncles),Category 1
Carcinoid syndrome,Category 1
Carcinoid tumors,Category 1
Carcinoma of unknown primary,Category 1
Cardiogenic shock,Category 1
Cardiomyopathy,Category 1
Carotid artery disease,Category 1
Carpal tunnel syndrome,Category 1
Cataracts,Category 1
Cavernous malformations,Category 1
Cellulite,Category 1
Cellulitis,Category 1
Central nervous system vascular malformations,Category 1
Cerebral aneurysm (See: Brain aneurysm),Category 1
Cervical cancer,Category 1
Cervicitis,Category 1
Chiari malformation,Category 1
Child maltreatment (See: Child abuse),Category 1
Childhood apraxia of speech,Category 1
Childhood asthma,Category 1
Chlamydia trachomatis,Category 1
Cholangiocarcinoma (bile duct cancer),Category 1
Cholera,Category 1
Chondrosarcoma,Category 1
Chordoma,Category 1
Choroid plexus carcinoma,Category 1
Chronic fatigue syndrome,Category 1
Chronic granulomatous disease,Category 1
Chronic traumatic encephalopathy,Category 1
Cirrhosis,Category 1
Claudication,Category 1
Cleft lip and cleft palate,Category 1
Clubfoot,Category 1
Coarctation of the aorta,Category 1
Cold urticaria,Category 1
Colic,Category 1
Colorblindness (See: Color blindness),Category 1
Colorectal cancer (See: Colon cancer),Category 1
Common cold,Category 1
Common cold in babies,Category 1
Common variable immunodeficiency  (See: Common variable immunodeficiency),Category 1
"Compartment syndrome, chronic exertional (See: Chronic exertional compartment syndrome)",Category 1
Concussion,Category 1
Congenital adrenal hyperplasia,Category 1
Congenital heart defects in children,Category 1
Congenital mitral valve anomalies,Category 1
Congenital myasthenic syndromes,Category 1
Congenital myopathies,Category 1
Conjoined twins,Category 1
Constipation,Category 1
Constipation in children,Category 1
COPD,Category 1
Corns and calluses,Category 1
Coronary artery disease,Category 1
Corticobasal degeneration,Category 1
Costosternal syndrome (See: Costochondritis),Category 1
"Cough, chronic (See: Chronic cough)",Category 1
Cradle cap,Category 1
Craniopharyngioma,Category 1
Crohn's disease,Category 1
Croup,Category 1
CRPS (See: Complex regional pain syndrome),Category 1
Cryoglobulinemia,Category 1
Cryptosporidium infection,Category 1
Cutaneous B-cell lymphoma,Category 1
Cutaneous T-cell lymphoma,Category 1
Cyclic vomiting syndrome,Category 1
Cyclospora infection,Category 1
Cyclothymic disorder (See: Cyclothymia (cyclothymic disorder)),Category 1
"Cyst, Bartholin's (See: Bartholin's cyst)",Category 1
Cystitis,Category 1
Cytomegalovirus infection (See: Cytomegalovirus (CMV) infection),Category 1
Dandruff,Category 1
Delayed ejaculation,Category 1
Delirium,Category 1
Dementia,Category 1
"Dementia, Alzheimer's disease (See: Alzheimer's disease)",Category 1
Dengue hemorrhagic fever (See: Dengue fever),Category 1
Depersonalization-derealization disorder,Category 1
Dermatitis,Category 1
"Dermatitis, contact (See: Contact dermatitis)",Category 1
Dermatographia,Category 1
Dermatomyositis,Category 1
Desmoid tumors,Category 1
Deviated septum,Category 1
DFSP (See: Dermatofibrosarcoma protuberans),Category 1
Diabetes,Category 1
Diabetes insipidus,Category 1
Diabetic coma,Category 1
Diabetic hyperosmolar syndrome,Category 1
Diabetic nephropathy,Category 1
Diaper rash,Category 1
Diarrhea,Category 1
"Diarrhea, antibiotic-associated (See: Antibiotic-associated diarrhea)",Category 1
Diffuse idiopathic skeletal hyperostosis (DISH),Category 1
Dilated cardiomyopathy,Category 1
Diphtheria,Category 1
Dislocated elbow,Category 1
Dissecting aneurysm (See: Aortic dissection),Category 1
Diverticulitis,Category 1
Dizziness,Category 1
Double-outlet right ventricle,Category 1
Drug addiction (substance use disorder),Category 1
Drug allergy,Category 1
Dry socket,Category 1
DSPS (See: Delayed sleep phase),Category 1
DSRCT (See: Desmoplastic small round cell tumors),Category 1
Dupuytren's contracture,Category 1
Dural arteriovenous fistulas,Category 1
Dust mite allergy,Category 1
DVT (See: Deep vein thrombosis),Category 1
Dwarfism,Category 1
Dysarthria,Category 1
Dystonia,Category 1
E. coli,Category 1
Earwax blockage,Category 1
Eating disorders,Category 1
"Eating disorders, anorexia (See: Anorexia nervosa)",Category 1
"Eating disorders, binge eating (See: Binge-eating disorder)",Category 1
"Eating disorders, bulimia (See: Bulimia nervosa)",Category 1
Ebstein anomaly,Category 1
Ectopic pregnancy,Category 1
Ectropion,Category 1
Eczema (See: Atopic dermatitis (eczema)),Category 1
Edema,Category 1
Ehlers-Danlos syndrome,Category 1
Ehrlichiosis,Category 1
Eisenmenger syndrome,Category 1
Elevated blood pressure,Category 1
Embryonal tumors,Category 1
Emphysema,Category 1
Encephalitis,Category 1
Endocarditis,Category 1
Endometriosis,Category 1
End-stage renal disease,Category 1
Enlarged breasts in men (gynecomastia),Category 1
Enlarged heart,Category 1
Entropion,Category 1
Eosinophilic esophagitis,Category 1
Eosinophilic granulomatosis with polyangiitis  (See: Churg-Strauss syndrome),Category 1
Ependymoma,Category 1
Epidermolysis bullosa,Category 1
Epididymitis,Category 1
Epiglottitis,Category 1
Epithelioid sarcoma,Category 1
Esophageal cancer,Category 1
Esophageal spasms,Category 1
Esophagitis,Category 1
Essential tremor,Category 1
Ewing sarcoma,Category 1
Exercise-induced asthma,Category 1
Eye focusing (See: Convergence insufficiency),Category 1
Eyelid inflammation (See: Blepharitis),Category 1
Eyestrain,Category 1
Factitious disorder,Category 1
Factor V Leiden,Category 1
Familial paroxysmal peritonitis (See: Familial Mediterranean fever),Category 1
FAP (See: Familial adenomatous polyposis),Category 1
Fetal alcohol syndrome,Category 1
Fetal macrosomia,Category 1
Fever,Category 1
Fever blister (See: Cold sore),Category 1
Fibroadenoma,Category 1
Fibrocystic breasts,Category 1
Fibromuscular dysplasia,Category 1
Fibromyalgia,Category 1
"Fibrosis, cystic (See: Cystic fibrosis)",Category 1
Fibrous dysplasia,Category 1
Floaters (See: Eye floaters),Category 1
Floor of the mouth cancer,Category 1
Food allergy,Category 1
"Food allergy, egg (See: Egg allergy)",Category 1
Food-borne illness (See: Food poisoning),Category 1
Foot drop,Category 1
Foot fracture (See: Broken foot),Category 1
"Fracture, arm (See: Broken arm)",Category 1
Frontal lobe seizures,Category 1
Frostbite,Category 1
Frozen shoulder,Category 1
FSGS (See: Focal segmental glomerulosclerosis (FSGS)),Category 1
Fuchs' dystrophy,Category 1
Functional neurologic disorders/conversion disorder,Category 1
Galactorrhea,Category 1
Gallbladder cancer,Category 1
Gallbladder inflammation (See: Cholecystitis),Category 1
Gallstones,Category 1
Ganglion cyst,Category 1
Gangrene,Category 1
Gas and gas pains,Category 1
Gastritis,Category 1
Gastrointestinal bleeding,Category 1
Gastrointestinal stromal tumor (GIST),Category 1
Gastroparesis,Category 1
Gender identity disorder (See: Gender dysphoria),Category 1
Generalized anxiety disorder,Category 1
Geographic tongue,Category 1
Germ cell tumors,Category 1
Gestational diabetes,Category 1
Giant lymph node hyperplasia (See: Castleman disease),Category 1
Giardia infection (giardiasis),Category 1
Gilbert's syndrome,Category 1
Glaucoma,Category 1
Glioblastoma,Category 1
Glioma,Category 1
Glomerulonephritis,Category 1
Glucocerebrosidase deficiency (See: Gaucher disease),Category 1
Gonorrhea,Category 1
Gout,Category 1
Granuloma annulare,Category 1
Graves' disease,Category 1
Group B strep disease,Category 1
Growing pains,Category 1
Growth hormone excess (See: Acromegaly),Category 1
Growth plate fractures,Category 1
Guillain-Barr√© syndrome,Category 1
Hair loss,Category 1
Hairy tongue (See: Black hairy tongue),Category 1
Halitosis (See: Bad breath),Category 1
Hamstring injury,Category 1
Hand fracture (See: Broken hand),Category 1
Hand-foot-and-mouth disease,Category 1
Hangovers,Category 1
Hardening of the arteries (See: Arteriosclerosis / atherosclerosis),Category 1
Head and neck cancers,Category 1
"Headache, chronic daily (See: Chronic daily headaches)",Category 1
"Headache, cluster (See: Cluster headache)",Category 1
"Headache, exercise (See: Exercise headaches)",Category 1
"Headache, external compression (See: External compression headaches)",Category 1
"Headache, primary cough (See: Cough headaches)",Category 1
Headaches in children,Category 1
Heart arrhythmias,Category 1
Heart defects in adults (See: Congenital heart disease in adults),Category 1
Heart disease,Category 1
Heart failure,Category 1
Heart murmurs,Category 1
Heartburn,Category 1
Heat exhaustion,Category 1
Heatstroke,Category 1
Helicobacter pylori (H. pylori) infection,Category 1
Hemifacial spasm,Category 1
Hemolytic uremic syndrome (HUS),Category 1
Hemophilia,Category 1
Hepatitis A,Category 1
Hepatitis B,Category 1
Hepatitis C,Category 1
"Hepatitis, autoimmune (See: Autoimmune hepatitis)",Category 1
Hepatocellular carcinoma,Category 1
Hepatopulmonary syndrome,Category 1
Hereditary hemorrhagic telangiectasia,Category 1
"Herpes, genital (See: Genital herpes)",Category 1
Hiatal hernia,Category 1
Hiccups,Category 1
Hidradenitis suppurativa,Category 1
High blood pressure in children,Category 1
Hip dysplasia,Category 1
Hip fracture,Category 1
Hip impingement,Category 1
Hip labral tear,Category 1
Hirsutism,Category 1
Histoplasmosis,Category 1
Hoarding disorder,Category 1
Hot flashes,Category 1
Human immunodeficiency virus (See: HIV/AIDS),Category 1
Human papillomavirus infection (See: HPV infection),Category 1
Huntington's disease,Category 1
Hydrocele,Category 1
Hydrocephalus,Category 1
Hydronephrosis,Category 1
Hypercalcemia,Category 1
Hypercholesterolemia (See: High cholesterol),Category 1
"Hypercholesterolemia, familial (See: Familial hypercholesterolemia)",Category 1
Hypercortisolism (See: Cushing syndrome),Category 1
Hypereosinophilic syndrome,Category 1
Hyperglycemia in diabetes,Category 1
Hyperopia (See: Farsightedness),Category 1
Hyperoxaluria and oxalosis,Category 1
Hyperparathyroidism,Category 1
Hypertension (See: High blood pressure (hypertension)),Category 1
Hypertrophic cardiomyopathy,Category 1
"Hypoglycemia, diabetic (See: Diabetic hypoglycemia)",Category 1
Hypohidrosis (See: Anhidrosis),Category 1
Hypohydration (See: Dehydration),Category 1
Hyponatremia,Category 1
Hypoparathyroidism,Category 1
Hypoplastic left heart syndrome,Category 1
Hypospadias,Category 1
Ice cream headaches,Category 1
Ichthyosis vulgaris,Category 1
Idiopathic hypersomnia,Category 1
IgA nephropathy (Berger's disease),Category 1
IgA vasculitis (See: Henoch-Schonlein purpura),Category 1
Illness anxiety disorder,Category 1
Impetigo,Category 1
Impotence (See: Erectile dysfunction),Category 1
Incompetent cervix,Category 1
Incomplete fracture (See: Greenstick fractures),Category 1
"Incontinence, fecal (See: Fecal incontinence)",Category 1
Infant jaundice,Category 1
Infant reflux,Category 1
Infectious diseases,Category 1
"Infertility, female (See: Female infertility)",Category 1
Inflammatory bowel disease (IBD),Category 1
Inflammatory breast cancer,Category 1
Influenza (flu),Category 1
"Influenza, avian (See: Bird flu (avian influenza))",Category 1
Ingrown hair,Category 1
Ingrown toenails,Category 1
Inguinal hernia,Category 1
Inherited metabolic disorders,Category 1
Intestinal obstruction,Category 1
Intracranial venous malformations,Category 1
Intraductal carcinoma (See: Ductal carcinoma in situ (DCIS)),Category 1
Intussusception,Category 1
Invasive lobular carcinoma,Category 1
Iritis,Category 1
Iron deficiency anemia,Category 1
Iron overload (See: Hemochromatosis),Category 1
Irritable bowel syndrome,Category 1
"Ischemia, intestinal (See: Intestinal ischemia)",Category 1
Ischemic colitis,Category 1
ITP (See: Immune thrombocytopenia (ITP)),Category 1
Jet lag disorder,Category 1
Joint dislocation (See: Dislocation),Category 1
Juvenile fibromyalgia,Category 1
Juvenile rheumatoid arthritis (See: Juvenile idiopathic arthritis),Category 1
Kaposi's sarcoma,Category 1
Keratitis,Category 1
Keratoconus,Category 1
"Ketoacidosis, diabetic (See: Diabetic ketoacidosis)",Category 1
Kidney cysts,Category 1
"Kidney failure, chronic (See: Chronic kidney disease)",Category 1
Klatskin tumor (See: Hilar cholangiocarcinoma),Category 1
Klinefelter syndrome,Category 1
Klippel-Trenaunay syndrome,Category 1
Knee bursitis,Category 1
Knee pain,Category 1
KP (See: Keratosis pilaris),Category 1
Krabbe disease,Category 1
Laryngitis,Category 1
Latex allergy,Category 1
Lazy eye (amblyopia),Category 1
Lead poisoning,Category 1
Left ventricular hypertrophy,Category 1
Leg fracture (See: Broken leg),Category 1
Legg-Calve-Perthes disease,Category 1
Legionnaires' disease,Category 1
Leiomyosarcoma,Category 1
"Leukemia, acute lymphocytic (See: Acute lymphocytic leukemia)",Category 1
"Leukemia, acute myelogenous (See: Acute myelogenous leukemia)",Category 1
"Leukemia, chronic lymphocytic (See: Chronic lymphocytic leukemia)",Category 1
"Leukemia, chronic myelogenous (See: Chronic myelogenous leukemia)",Category 1
"Leukemia, general (See: Leukemia)",Category 1
"Leukemia, hairy cell (See: Hairy cell leukemia)",Category 1
Leukoplakia,Category 1
Lewy body dementia,Category 1
Lice,Category 1
"Lice, body (See: Body lice)",Category 1
Lichen nitidus,Category 1
Lichen planus,Category 1
Lichen sclerosus,Category 1
Lip cancer,Category 1
Lipoma,Category 1
Liposarcoma,Category 1
Listeriosis (See: Listeria infection),Category 1
Liver cancer,Category 1
Liver disease,Category 1
"Liver failure, acute (See: Acute liver failure)",Category 1
Liver hemangioma,Category 1
"Liver, enlarged (See: Enlarged liver)",Category 1
Lobular carcinoma in situ (LCIS),Category 1
Long QT syndrome,Category 1
Low blood pressure (hypotension),Category 1
Low blood sugar (See: Hypoglycemia),Category 1
Low body temperature (See: Hypothermia),Category 1
Low sex drive in women,Category 1
Low sperm count,Category 1
Lung cancer,Category 1
Lung collapse (See: Atelectasis),Category 1
"Lung disease, interstitial (See: Interstitial lung disease)",Category 1
Lupus nephritis,Category 1
Lyme disease,Category 1
Lymphedema,Category 1
Lymphoma,Category 1
"Lymphoma, Hodgkin's (See: Hodgkin's lymphoma (Hodgkin's disease))",Category 1
Lynch syndrome,Category 1
"Macular degeneration, dry",Category 1
"Macular degeneration, wet",Category 1
Major depressive disorder (See: Depression (major depressive disorder)),Category 1
Malaria,Category 1
Male breast cancer,Category 1
Male infertility,Category 1
Malignant hyperthermia,Category 1
Malignant peripheral nerve sheath tumors,Category 1
Mallet toe and hammertoe (See: Hammertoe and mallet toe),Category 1
Mammary duct ectasia,Category 1
Manic-depressive illness (See: Bipolar disorder),Category 1
Marburg virus (See: Ebola virus and Marburg virus),Category 1
Marfan syndrome,Category 1
Mastalgia (See: Breast pain),Category 1
Mastitis,Category 1
MCAD deficiency,Category 1
Medial epicondylitis (See: Golfer's elbow),Category 1
Medulloblastoma,Category 1
Megacolon (See: Hirschsprung's disease),Category 1
Membranous nephropathy,Category 1
Meniere's disease,Category 1
Meningioma,Category 1
Meningitis,Category 1
Menopause,Category 1
"Menstrual bleeding, excessive (See: Menorrhagia)",Category 1
Mental illness,Category 1
Meralgia paresthetica,Category 1
Mesenteric ischemia,Category 1
Mesenteric lymphadenitis,Category 1
Mesothelioma,Category 1
Metachromatic leukodystrophy,Category 1
Metatarsalgia,Category 1
Microcephaly,Category 1
Microscopic colitis,Category 1
Migraine,Category 1
Migraine with aura,Category 1
Mild cognitive impairment (MCI),Category 1
Milia,Category 1
Milk allergy,Category 1
Milk intolerance (See: Lactose intolerance),Category 1
Miscarriage,Category 1
Mitral valve disease,Category 1
Mittelschmerz,Category 1
Mixed connective tissue disease,Category 1
Molar pregnancy,Category 1
Mold allergy,Category 1
Molluscum contagiosum,Category 1
Monoclonal gammopathy of undetermined significance (MGUS),Category 1
Mononucleosis,Category 1
Mood disorders,Category 1
Morning sickness,Category 1
Morphea,Category 1
Mosquito bites,Category 1
Movement disorders,Category 1
Moyamoya disease,Category 1
MRSA infection,Category 1
Mucocutaneous lymph node syndrome (See: Kawasaki disease),Category 1
Mucopolysaccharidosis type II (See: Hunter syndrome),Category 1
Multiple myeloma,Category 1
Multiple personality disorder (See: Dissociative disorders),Category 1
Mumps,Category 1
Muscle cramp,Category 1
Muscle strains,Category 1
Muscular dystrophy,Category 1
Myasthenia gravis,Category 1
Myelodysplastic syndromes,Category 1
Myelofibrosis,Category 1
Myocardial infarction (See: Heart attack),Category 1
Myocardial ischemia,Category 1
Myocarditis,Category 1
Myoclonus,Category 1
Myofascial pain syndrome,Category 1
Myxofibrosarcoma,Category 1
Naegleria infection,Category 1
Nasal and paranasal tumors,Category 1
Nasopharyngeal carcinoma,Category 1
Nearsightedness,Category 1
Neck pain,Category 1
Nephrogenic systemic fibrosis,Category 1
Nephrotic syndrome,Category 1
Neuroblastoma,Category 1
Neurodermatitis,Category 1
Neuroendocrine carcinoma of the skin (See: Merkel cell carcinoma),Category 1
Neuroendocrine tumors,Category 1
Neurofibroma,Category 1
Neurofibromatosis,Category 1
Neuromyelitis optica,Category 1
"Neuropathy, autonomic (See: Autonomic neuropathy)",Category 1
"Neuropathy, diabetic (See: Diabetic neuropathy)",Category 1
Nevus (See: Moles),Category 1
Nickel allergy,Category 1
Nicotine dependence,Category 1
Niemann-Pick,Category 1
Nightmare disorder,Category 1
Noctural enuresis (See: Bed-wetting),Category 1
Nonalcoholic fatty liver disease,Category 1
Non-Hodgkin's lymphoma,Category 1
Nonmelanoma skin cancer,Category 1
Nontropical sprue (See: Celiac disease),Category 1
Noonan syndrome,Category 1
Norovirus infection,Category 1
Nose fracture (See: Broken nose),Category 1
"Obesity, childhood (See: Childhood obesity)",Category 1
Obstetric cholestasis (See: Cholestasis of pregnancy),Category 1
Occupational asthma,Category 1
OCD (See: Obsessive-compulsive disorder (OCD)),Category 1
Ocular rosacea,Category 1
Oculocutaneous albinism (See: Albinism),Category 1
Oculosympathetic palsy (See: Horner syndrome),Category 1
Odontogenic tumors and cysts (See: Jaw tumors and cysts),Category 1
Olfactory neuroblastoma (See: Esthesioneuroblastoma),Category 1
Oligodendroglioma,Category 1
Oppositional defiant disorder (ODD),Category 1
Optic neuritis,Category 1
Oral cancer (See: Mouth cancer),Category 1
Oral lichen planus,Category 1
Orchitis,Category 1
Osgood-Schlatter disease,Category 1
Osteoarthritis,Category 1
Osteochondritis dissecans,Category 1
Osteomalacia,Category 1
Osteomyelitis,Category 1
Osteonecrosis (See: Avascular necrosis),Category 1
Osteophytes (See: Bone spurs),Category 1
Osteoporosis,Category 1
Osteosarcoma,Category 1
Otitis media (See: Ear infection (middle ear)),Category 1
Ovarian cancer,Category 1
Ovarian cysts,Category 1
Ovarian hyperstimulation syndrome,Category 1
Overactive bladder,Category 1
Oxyphil cell carcinoma (See: Hurthle cell cancer),Category 1
Paget's disease of bone,Category 1
Paget's disease of the nipple (See: Paget's disease of the breast),Category 1
"Pain, chest (See: Chest pain)",Category 1
Painful bladder syndrome (See: Interstitial cystitis),Category 1
Painful intercourse (dyspareunia),Category 1
Painful periods (See: Menstrual cramps),Category 1
"Palsy, cerebral (See: Cerebral palsy)",Category 1
"Palsy, facial (See: Bell's palsy)",Category 1
Pancreatic cancer,Category 1
Pancreatic cysts,Category 1
Pancreatic neuroendocrine tumors,Category 1
Pancreatitis,Category 1
Panic attacks and panic disorder,Category 1
Paraganglioma,Category 1
Paraneoplastic syndromes of the nervous system,Category 1
Parkinson's disease,Category 1
Parotid tumors,Category 2
Partial anomalous pulmonary venous return,Category 2
Patent foramen ovale,Category 2
Pathological gambling (See: Compulsive gambling),Category 2
Pathological stealing (See: Kleptomania),Category 2
PDA (See: Patent ductus arteriosus (PDA)),Category 2
Peanut allergy,Category 2
Pectus carinatum,Category 2
Pediatric brain tumors,Category 2
Pediculosis capitis (See: Head lice),Category 2
Pelvic organ prolapse,Category 2
"Pelvic pain, chronic (See: Chronic pelvic pain in women)",Category 2
Pemphigus,Category 2
Penicillin allergy,Category 2
Pericardial effusion,Category 2
Pericarditis,Category 2
Perimenopause,Category 2
"Periodontal disease, gingivitis (See: Gingivitis)",Category 2
Periodontitis,Category 2
Peripheral nerve injuries,Category 2
Peripheral nerve tumors,Category 2
Peripheral neuropathy,Category 2
Peritonitis,Category 2
Pernio (See: Chilblains),Category 2
Peroneal muscular atrophy (See: Charcot-Marie-Tooth disease),Category 2
Persistent depressive disorder (dysthymia),Category 2
"Personality disorder, antisocial (See: Antisocial personality disorder)",Category 2
"Personality disorder, borderline (See: Borderline personality disorder)",Category 2
"Personality disorder, narcissistic (See: Narcissistic personality disorder)",Category 2
Personality disorders,Category 2
Pes planus (See: Flatfeet),Category 2
Pet allergy,Category 2
Peyronie's disease,Category 2
Pheochromocytoma,Category 2
Pick's disease (See: Frontotemporal dementia),Category 2
PID (See: Pelvic inflammatory disease (PID)),Category 2
Piles (See: Hemorrhoids),Category 2
Pilonidal cyst,Category 2
Pinched nerve,Category 2
Pineoblastoma,Category 2
Pink eye (conjunctivitis),Category 2
Pinworm infection,Category 2
Pituitary insufficiency (See: Hypopituitarism),Category 2
Pituitary tumors,Category 2
Pityriasis rosea,Category 2
PKU (See: Phenylketonuria (PKU)),Category 2
Placenta accreta,Category 2
Placenta previa,Category 2
Placental abruption,Category 2
Plantar fasciitis,Category 2
Plantar neuroma (See: Morton's neuroma),Category 2
Pleurisy,Category 2
Pneumonia,Category 2
Pneumonitis,Category 2
Pneumothorax,Category 2
POEMS syndrome,Category 2
Polio,Category 2
Polycystic kidney disease,Category 2
Polyhydramnios,Category 2
Polymyalgia rheumatica,Category 2
Polymyositis,Category 2
"Polyps, colon (See: Colon polyps)",Category 2
"Polyps, nasal (See: Nasal polyps)",Category 2
Pompholyx (See: Dyshidrosis),Category 2
Popliteal artery aneurysm,Category 2
Popliteal artery entrapment,Category 2
Popliteal cyst (See: Baker's cyst),Category 2
Porphyria,Category 2
Post-chemotherapy cognitive impairment (See: Chemo brain),Category 2
Post-concussion syndrome,Category 2
Posterior cortical atrophy,Category 2
Posterior cruciate ligament injury,Category 2
Postherpetic neuralgia,Category 2
Postmyocardial infarction syndrome (See: Dressler's syndrome),Category 2
Postpartum depression,Category 2
Postpartum preeclampsia,Category 2
Postpartum thyroiditis,Category 2
Post-polio syndrome,Category 2
Postural hypotension (See: Orthostatic hypotension (postural hypotension)),Category 2
Pouchitis,Category 2
Prader-Willi syndrome,Category 2
Prediabetes,Category 2
Premature birth,Category 2
Premature ejaculation,Category 2
Premature puberty (See: Precocious puberty),Category 2
Premenstrual syndrome (PMS),Category 2
Presbycusis (See: Hearing loss),Category 2
Presbyopia,Category 2
Prescription drug abuse,Category 2
Pressure ulcer (See: Bedsores (pressure ulcers)),Category 2
Preterm labor,Category 2
Priapism,Category 2
Prickly heat (See: Heat rash),Category 2
Primary adrenal insufficiency (See: Addison's disease),Category 2
Primary biliary cirrhosis (See: Primary biliary cholangitis),Category 2
Primary hypoaldosteronism (See: Primary aldosteronism),Category 2
Primary immunodeficiency,Category 2
Primary lateral sclerosis (PLS),Category 2
Primary ovarian insufficiency,Category 3
Primary polycythemia (See: Polycythemia vera),Category 3
Primary progressive aphasia,Category 3
Progeria,Category 3
Prolactinoma,Category 3
"Prolapse, mitral valve (See: Mitral valve prolapse)",Category 3
Prolapsed bladder (See: Anterior prolapse (cystocele)),Category 3
Prostate cancer,Category 3
Prostate gland enlargement (See: Benign prostatic hyperplasia (BPH)),Category 3
Prostatitis,Category 3
Pseudocholinesterase deficiency,Category 3
Pseudogout,Category 3
Pseudomembranous colitis,Category 3
Pseudotumor cerebri,Category 3
Psoriasis,Category 3
Psoriatic arthritis,Category 3
PTSD (See: Post-traumatic stress disorder (PTSD)),Category 3
Pubic lice (crabs),Category 3
Pulmonary atresia,Category 3
Pulmonary atresia with intact ventricular septum,Category 3
Pulmonary atresia with ventricular septum defect,Category 3
Pulmonary edema,Category 3
Pulmonary fibrosis,Category 3
Pulmonary hypertension,Category 3
Pulmonary valve disease,Category 3
PVD (See: Peripheral artery disease),Category 3
Pyelonephritis (See: Kidney infection),Category 3
Pyoderma gangrenosum,Category 3
Query fever (See: Q fever),Category 3
Rabies,Category 3
Radiation enteritis,Category 3
Radiation sickness,Category 3
Ramsay Hunt syndrome,Category 3
Rapid gastric emptying (See: Dumping syndrome),Category 3
"Rash, poison ivy (See: Poison ivy rash)",Category 3
Raynaud's disease,Category 3
Reactive attachment disorder,Category 3
Rebound headache (See: Medication overuse headaches),Category 3
Rectal cancer,Category 3
Rectal inflammation (See: Proctitis),Category 3
Rectal itching (See: Anal itching),Category 3
Rectal prolapse,Category 3
Rectovaginal fistula,Category 3
Recurrent breast cancer,Category 3
"Reflux, bile (See: Bile reflux)",Category 3
"Reflux, gastroesophageal (See: Gastroesophageal reflux disease (GERD))",Category 3
"Regurgitation, aortic valve (See: Aortic valve regurgitation)",Category 3
"Regurgitation, mitral valve (See: Mitral valve regurgitation)",Category 3
Reiter's syndrome (See: Reactive arthritis),Category 3
REM sleep behavior disorder,Category 3
Renal artery stenosis,Category 3
Renal cancer (See: Kidney cancer),Category 3
"Renal failure, acute (See: Acute kidney failure)",Category 3
Residual limb pain,Category 3
Retinal detachment,Category 3
Retinal diseases,Category 3
Retinoblastoma,Category 3
"Retinopathy, diabetic (See: Diabetic retinopathy)",Category 3
Retrograde ejaculation,Category 3
Rett syndrome,Category 3
Reye's syndrome,Category 3
Rhabdomyosarcoma,Category 3
Rheumatic fever,Category 3
Rheumatoid arthritis,Category 3
Rib fracture (See: Broken ribs),Category 3
Rickets,Category 3
RLS (See: Restless legs syndrome),Category 3
Road rage (See: Intermittent explosive disorder),Category 3
Rocky Mountain spotted fever,Category 3
Rosacea,Category 3
Roseola,Category 3
Rotator cuff injury,Category 3
Rotavirus,Category 3
Round back (See: Kyphosis),Category 3
RSV (See: Respiratory syncytial virus (RSV)),Category 3
Rubeola (See: Measles),Category 3
Rumination syndrome,Category 3
Runner's knee (See: Patellofemoral pain syndrome),Category 3
Ruptured eardrum (perforated eardrum),Category 3
Ruptured spleen,Category 3
Sacral dimple,Category 3
Sacroiliitis,Category 3
Salmonellosis (See: Salmonella infection),Category 3
Sarcoidosis,Category 3
Sarcoma,Category 3
"Sarcoma, bone cancer (See: Bone cancer)",Category 3
Scabies,Category 3
Scarlet fever,Category 3
Schizoaffective disorder,Category 3
Schizoid personality disorder,Category 3
Schizophrenia,Category 3
"Schizophrenia, juvenile (See: Childhood schizophrenia)",Category 3
Schizotypal personality disorder,Category 3
Schwannoma,Category 3
Sciatica,Category 3
"Scleroderma, limited (See: Limited scleroderma)",Category 3
Sclerosing cholangitis (See: Primary sclerosing cholangitis),Category 3
Sclerosing mesenteritis,Category 3
"Sclerosis, amyotrophic lateral (See: Amyotrophic lateral sclerosis (ALS))",Category 3
"Sclerosis, multiple (See: Multiple sclerosis)",Category 3
Scrotal masses,Category 3
Seasonal affective disorder (SAD),Category 3
Seasonal allergy (See: Hay fever),Category 3
Sebaceous carcinoma,Category 3
Sebaceous cysts (See: Epidermoid cysts),Category 3
Seborrheic dermatitis,Category 3
Seborrheic keratosis,Category 3
Secondary brain cancer (See: Brain metastases),Category 3
Secondary hypertension,Category 3
Seizure disorder (See: Epilepsy),Category 3
"Seizure, febrile (See: Febrile seizure)",Category 3
"Seizure, petit mal (See: Absence seizure)",Category 3
Seizures,Category 3
Selective IgA deficiency,Category 3
Self-injury/cutting,Category 3
Separation anxiety disorder,Category 3
Sepsis,Category 3
"Septal defect, atrial (See: Atrial septal defect (ASD))",Category 3
"Septal defect, atrioventricular (See: Atrioventricular canal defect)",Category 3
Septic arthritis,Category 3
Serotonin syndrome,Category 3
Severe acute respiratory syndrome (SARS),Category 3
"Severe brain injury, coma (See: Coma)",Category 3
Sex headaches,Category 3
"Sexual dysfunction, female (See: Female sexual dysfunction)",Category 3
Sexual obsession (See: Compulsive sexual behavior),Category 3
Shaken baby syndrome,Category 3
Sheehan's syndrome,Category 3
Shellfish allergy,Category 3
Shigella infection,Category 3
Shin splints,Category 3
Short bowel syndrome,Category 3
Shoulder dislocation (See: Dislocated shoulder),Category 3
Shoulder separation (See: Separated shoulder),Category 3
Shy-Drager syndrome (See: Multiple system atrophy (MSA)),Category 3
Sick sinus syndrome,Category 3
Sickle cell anemia,Category 3
Sin Nombre virus infection (See: Hantavirus pulmonary syndrome),Category 3
Sinus headaches,Category 3
"Sinusitis, acute (See: Acute sinusitis)",Category 3
"Sinusitis, chronic (See: Chronic sinusitis)",Category 3
Sjogren's syndrome,Category 3
Skin cancer,Category 3
"Skin cancer, melanoma (See: Melanoma)",Category 3
"Skin, itchy (See: Itchy skin (pruritus))",Category 3
Skipped heartbeats (See: Heart palpitations),Category 3
Slapped cheek disease (See: Parvovirus infection),Category 3
Sleep apnea,Category 3
"Sleep apnea in children, obstructive (See: Pediatric obstructive sleep apnea)",Category 3
"Sleep apnea, central",Category 3
"Sleep apnea, obstructive",Category 3
Sleep disorders,Category 3
Sleep terrors (night terrors),Category 3
"Sleepiness, daytime (See: Narcolepsy)",Category 3
Sleeplessness (See: Insomnia),Category 3
Sleep-related eating disorder,Category 3
Slipped disk (See: Herniated disk),Category 3
Slow heartbeat (See: Bradycardia),Category 3
Small bowel cancer,Category 3
Small intestine prolapse (See: Small bowel prolapse (enterocele)),Category 3
Small vessel disease,Category 3
Snoring,Category 3
Social anxiety disorder (social phobia) (See: Social anxiety disorder),Category 3
Soft palate cancer,Category 3
Soft tissue sarcoma,Category 3
Solar keratosis (See: Actinic keratosis),Category 3
Solar lentigines (See: Age spots (liver spots)),Category 3
Solitary fibrous tumor,Category 3
Somatic symptom disorder,Category 3
Somnambulism (See: Sleepwalking),Category 3
Sore throat,Category 3
Soy allergy,Category 3
Specific phobias,Category 3
Specific reading disability (See: Dyslexia),Category 3
Spermatocele,Category 3
Spider bites,Category 3
Spina bifida,Category 3
Spinal arteriovenous malformation (AVM),Category 3
Spinal cord tumor,Category 3
Spinal curvature (See: Scoliosis),Category 3
Spinal headaches,Category 3
Splenomegaly (See: Enlarged spleen (splenomegaly)),Category 3
"Spondylosis, cervical (See: Cervical spondylosis)",Category 3
Spontaneous coronary artery dissection (SCAD),Category 3
Sprained ankle,Category 3
Sprains,Category 3
Squamous cell carcinoma of the skin,Category 3
Stage 4 prostate cancer,Category 3
Staph infections,Category 3
Statis syndrome (See: Blind loop syndrome),Category 3
STDs (See: Sexually transmitted diseases (STDs)),Category 3
Steele-Richardson-Olszewski syndrome (See: Progressive supranuclear palsy),Category 3
Stein-Leventhal syndrome (See: Polycystic ovary syndrome (PCOS)),Category 3
"Stenosis, aortic valve (See: Aortic valve stenosis)",Category 3
"Stenosis, mitral valve (See: Mitral valve stenosis)",Category 3
"Stenosis, pulmonary valve (See: Pulmonary valve stenosis)",Category 3
"Stenosis, pyloric (See: Pyloric stenosis)",Category 4
"Stenosis, spinal (See: Spinal stenosis)",Category 4
Stevens-Johnson syndrome,Category 4
Stickler syndrome,Category 4
"Stings, bee (See: Bee sting)",Category 4
"Stings, jellyfish (See: Jellyfish stings)",Category 4
"Stings, scorpion (See: Scorpion sting)",Category 4
Stomach cancer,Category 4
"Stomach pain, nonulcer (See: Functional dyspepsia)",Category 4
Stomach polyps,Category 4
Stomatodynia (See: Burning mouth syndrome),Category 4
"Stones, kidney (See: Kidney stones)",Category 4
Stool holding (See: Encopresis),Category 4
Strawberry hemangioma (See: Hemangioma),Category 4
Strep throat,Category 4
Stress fractures,Category 4
Stress incontinence,Category 4
Stretch marks,Category 4
Stroke,Category 4
Stump pain (See: Phantom pain),Category 4
Stuttering,Category 4
Sty,Category 4
Subarachnoid hemorrhage,Category 4
Subconjunctival hemorrhage (broken blood vessel in eye),Category 4
Subdural hematoma (See: Intracranial hematoma),Category 4
Subfertility (See: Infertility),Category 4
Sudden cardiac arrest,Category 4
Sudden infant death syndrome (SIDS),Category 4
Suicide and suicidal thoughts,Category 4
Sun allergy,Category 4
Sun poisoning (See: Polymorphous light eruption),Category 4
Sunburn,Category 4
Sunken chest (See: Pectus excavatum),Category 4
Suspicious breast lumps,Category 4
SVT (See: Supraventricular tachycardia),Category 4
Sweating and body odor,Category 4
"Sweating, abnormally excessive (See: Hyperhidrosis)",Category 4
Sweet's syndrome,Category 4
Swimmer's ear,Category 4
Swimmer's itch,Category 4
Swine flu (H1N1 flu),Category 4
Swollen lymph nodes,Category 4
Synostosis (See: Craniosynostosis),Category 4
Synovial sarcoma,Category 4
Syphilis,Category 4
Syringomyelia,Category 4
Systemic capillary leak syndrome,Category 4
Systemic lupus erythematosus (See: Lupus),Category 4
Systemic mastocytosis,Category 4
Systemic sclerosis (See: Scleroderma),Category 4
Tachycardia,Category 4
Takayasu's arteritis,Category 4
Takotsubo cardiomyopathy (See: Broken heart syndrome),Category 4
Tapeworm infection,Category 4
Tay-Sachs disease,Category 4
"Tears, decreased production (See: Dry eyes)",Category 4
Teen depression,Category 4
Teeth grinding (See: Bruxism (teeth grinding)),Category 4
Temporal arteritis (See: Giant cell arteritis),Category 4
Temporal lobe seizure,Category 4
Tendinitis,Category 4
"Tendinitis, Achilles (See: Achilles tendinitis)",Category 4
"Tendinitis, patellar (See: Patellar tendinitis)",Category 4
Tennis elbow,Category 4
"Tenosynovitis, de Quervain's (See: De Quervain's tenosynovitis)",Category 4
Tension headache,Category 4
"Testicle, retractile (See: Retractile testicle)",Category 4
Testicular cancer,Category 4
Testosterone deficiency (See: Male hypogonadism),Category 4
Tetanus,Category 4
Tetralogy of Fallot,Category 4
Tetraplegia (See: Spinal cord injury),Category 4
Thalassemia,Category 4
Thoracic aortic aneurysm,Category 4
Thoracic outlet syndrome,Category 4
Three-day measles (See: Rubella),Category 4
Throat cancer,Category 4
Thromboangiitis obliterans (See: Buerger's disease),Category 4
"Thrombocythemia, essential (See: Essential thrombocythemia)",Category 4
Thrombocytopenia,Category 4
"Thrombocytopenia, childhood (See: Pediatric thrombocytopenia)",Category 4
Thrombocytosis,Category 4
Thrombophlebitis,Category 4
"Thrush, oral (See: Oral thrush)",Category 4
Thumb arthritis,Category 4
Thunderclap headaches,Category 4
Thyroid cancer,Category 4
Thyroid gland enlargement (See: Goiter),Category 4
Thyroid nodules,Category 4
"Thyroid, overactive (See: Hyperthyroidism)",Category 4
"Thyroiditis, chronic lymphocytic (See: Hashimoto's disease)",Category 4
Tinea barbae (See: Folliculitis),Category 4
Tinea capitis (See: Ringworm (scalp)),Category 4
Tinea corporis (See: Ringworm (body)),Category 4
Tinea cruris (See: Jock itch),Category 4
Tinea pedis (See: Athlete's foot),Category 4
Tinea versicolor,Category 4
Tinnitus,Category 4
TMJ disorders,Category 4
Toe walking in children,Category 4
Toenail fungus (See: Nail fungus),Category 4
Tongue cancer,Category 4
Tongue-tie (ankyloglossia),Category 4
Tonic-clonic seizure (See: Grand mal seizure),Category 4
Tonsil cancer,Category 4
Tonsillitis,Category 4
Tooth abscess,Category 4
Tooth decay (See: Cavities/tooth decay),Category 4
Torn meniscus,Category 4
"Torsion, testicular (See: Testicular torsion)",Category 4
"Torticollis, spasmodic (See: Cervical dystonia)",Category 4
Total anomalous pulmonary venous return,Category 4
Tourette syndrome,Category 4
Toxemia (See: Preeclampsia),Category 4
Toxic hepatitis,Category 4
Toxic shock syndrome,Category 4
Toxoplasmosis,Category 4
Trachoma,Category 4
Transient global amnesia,Category 4
Transient ischemic attack (TIA),Category 4
Transposition of the great arteries,Category 4
Transverse myelitis,Category 4
Traumatic brain injury,Category 4
Traumatic grief (See: Complicated grief),Category 4
Traveler's diarrhea,Category 4
Trichinosis,Category 4
Trichomoniasis,Category 4
Trichotillomania (hair-pulling disorder),Category 4
Tricuspid atresia,Category 4
Tricuspid valve disease,Category 4
Tricuspid valve regurgitation,Category 4
Trigeminal neuralgia,Category 4
Trigger finger,Category 4
Trisomy 21 syndrome (See: Down syndrome),Category 4
Trouble swallowing (See: Dysphagia),Category 4
Truncus arteriosus,Category 4
"Trypanosomiasis, American (See: Chagas disease)",Category 4
Tuberculosis,Category 4
Tuberous sclerosis,Category 4
Tularemia,Category 4
"Tumor, salivary gland (See: Salivary gland tumors)",Category 4
Turner syndrome,Category 4
Type 1 diabetes,Category 4
Type 1 diabetes in children,Category 4
Type 2 diabetes,Category 4
Type 2 diabetes in children,Category 4
Typhoid fever,Category 4
"Ulcer, aphthous (See: Canker sore)",Category 4
"Ulcer, peptic (See: Peptic ulcer)",Category 4
"Ulcer, rectal (See: Solitary rectal ulcer syndrome)",Category 4
Ulcerative colitis,Category 4
Ulnar wrist pain,Category 4
Umbilical hernia,Category 4
Uncontrollable laughter and crying (See: Pseudobulbar affect),Category 4
Underactive thyroid (See: Hypothyroidism),Category 4
Under-eye puffiness (See: Bags under eyes),Category 4
Undescended testicle,Category 4
Undifferentiated pleomorphic sarcoma,Category 4
Unstable angina (See: Angina),Category 4
Upset stomach (See: Indigestion),Category 4
Ureteral cancer,Category 4
Ureteral obstruction,Category 4
Urethral stricture,Category 4
Urinary incontinence,Category 4
Urinary tract infection (UTI),Category 4
Urine color,Category 4
"Urine, blood in (See: Blood in urine (hematuria))",Category 4
Urticaria (See: Hives and angioedema),Category 4
Urticaria (See: Chronic hives),Category 4
Uterine cancer (See: Endometrial cancer),Category 4
Uterine myoma (See: Uterine fibroids),Category 4
Uterine polyps,Category 4
Uterine prolapse,Category 4
Uterus didelphys (See: Double uterus),Category 4
Uveal melanoma (See: Eye melanoma),Category 4
Uveitis,Category 4
Vaginal agenesis,Category 4
Vaginal atrophy,Category 4
Vaginal cancer,Category 4
Vaginal fistula,Category 4
"Vaginal prolapse, posterior (See: Posterior vaginal prolapse (rectocele))",Category 4
Vaginitis,Category 4
Valley fever,Category 4
Valvular heart disease (See: Heart valve disease),Category 4
Varicella (See: Chickenpox),Category 4
"Varices, esophageal (See: Esophageal varices)",Category 4
Varicocele,Category 4
Varicose veins,Category 4
Variola (See: Smallpox),Category 4
Vascular dementia,Category 4
Vascular rings,Category 4
Vasculitis,Category 4
Vasomotor rhinitis (See: Nonallergic rhinitis),Category 4
Vasovagal syncope,Category 4
vCJD (See: Creutzfeldt-Jakob disease),Category 4
Venous thromboembolism (VTE) (See: Pulmonary embolism),Category 4
Ventricular septal defect,Category 4
Ventricular tachycardia,Category 4
Vertebral tumor,Category 4
Vertigo (See: Benign paroxysmal positional vertigo (BPPV)),Category 4
Vesicoureteral reflux,Category 4
Vestibular schwannoma (See: Acoustic neuroma),Category 4
V-fib (See: Ventricular fibrillation),Category 4
Viral gastroenteritis,Category 4
Viral hemorrhagic fevers,Category 4
Vitamin deficiency anemia,Category 4
Vitiligo,Category 4
Vocal fold paralysis (See: Vocal cord paralysis),Category 4
Voice disorders,Category 4
Von Willebrand disease,Category 4
VPCs (See: Premature ventricular contractions (PVCs)),Category 4
Vulvar cancer,Category 4
Vulvodynia,Category 4
Waldenstrom macroglobulinemia,Category 4
"Warts, common (See: Common warts)",Category 4
"Warts, plantar (See: Plantar warts)",Category 4
"Warts, venereal (See: Genital warts)",Category 4
Water on the knee (See: Swollen knee),Category 4
Wegener's granulomatosis (See: Granulomatosis with polyangiitis),Category 4
Weight loss (See: Obesity),Category 4
"Wermer's syndrome (See: Multiple endocrine neoplasia, type 1 (MEN 1))",Category 4
West Nile virus,Category 4
Wheat allergy,Category 4
Whiplash,Category 4
Whipple's disease,Category 4
White blood cell disorders in children (See: Pediatric white blood cell disorders),Category 4
Whiteheads (See: Acne),Category 4
Whooping cough,Category 4
Wilms' tumor,Category 4
Wilson's disease,Category 4
"Wisdom teeth, impacted (See: Impacted wisdom teeth)",Category 4
Wolff-Parkinson-White (WPW) syndrome,Category 4
Wrinkles,Category 4
Wrist fracture (See: Broken wrist),Category 4
Wrist pain,Category 4
"X, Syndrome (See: Metabolic syndrome)",Category 4
Xerosis (See: Dry skin),Category 4
Xerostomia (See: Dry mouth),Category 4
X-linked agammaglobulinemia,Category 4
XXX syndrome (See: Triple X syndrome),Category 4
Yeast infection (vaginal),Category 4
Yellow fever,Category 4
Yersinia pestis (See: Plague),Category 4
Yips,Category 4
Zika virus,Category 4
Zollinger-Ellison syndrome,Category 4
Zoster (See: Shingles),Category 4
22q11.2 deletion syndrome (See: DiGeorge syndrome (22q11.2 deletion syndrome)),Category 4
